{"cameraMode":{"drawMode":0,"name":"Shaded","section":"Shading Mode"},"sceneLighting":true,"audioPlay":false,"sceneViewState":{"showFog":true,"showMaterialUpdate":false,"showSkybox":true,"showFlares":true,"showImageEffects":true,"showParticleSystems":true},"in2DMode":false,"pivot":{"x":3.5406270027160646,"y":3.6665546894073488,"z":4.607456684112549},"rotation":{"x":-0.04301152750849724,"y":0.9022547602653503,"z":-0.09263292700052262,"w":-0.4189358949661255},"size":8.396443367004395,"orthographic":false}