{"cameraMode":{"drawMode":0,"name":"Shaded","section":"Shading Mode"},"sceneLighting":false,"audioPlay":false,"sceneViewState":{"showFog":false,"showMaterialUpdate":false,"showSkybox":false,"showFlares":false,"showImageEffects":false,"showParticleSystems":false},"in2DMode":false,"pivot":{"x":6.630000114440918,"y":4.429999828338623,"z":6.739999771118164},"rotation":{"x":0.07080472260713577,"y":-0.9194400310516357,"z":0.19483038783073426,"w":0.334171324968338},"size":5.105842590332031,"orthographic":false}