{"cameraMode":{"drawMode":0,"name":"Shaded","section":"Shading Mode"},"sceneLighting":false,"audioPlay":false,"sceneViewState":{"showFog":true,"showMaterialUpdate":false,"showSkybox":false,"showFlares":true,"showImageEffects":true,"showParticleSystems":true},"in2DMode":false,"pivot":{"x":5.2000017166137699,"y":4.639999866485596,"z":-1.970000982284546},"rotation":{"x":-0.03386377543210983,"y":0.9152505993843079,"z":-0.0787307620048523,"w":-0.3936675786972046},"size":0.4030856490135193,"orthographic":false}