{"cameraMode":{"drawMode":0,"name":"Shaded","section":"Shading Mode"},"sceneLighting":false,"audioPlay":false,"sceneViewState":{"showFog":false,"showMaterialUpdate":false,"showSkybox":false,"showFlares":false,"showImageEffects":false,"showParticleSystems":false},"in2DMode":false,"pivot":{"x":2.232210159301758,"y":4.6578474044799809,"z":0.5470067858695984},"rotation":{"x":0.05552719905972481,"y":-0.688115656375885,"z":0.052962251007556918,"w":0.7215416431427002},"size":0.2617027461528778,"orthographic":false}