{"cameraMode":{"drawMode":0,"name":"Shaded","section":"Shading Mode"},"sceneLighting":false,"audioPlay":false,"sceneViewState":{"showFog":false,"showMaterialUpdate":false,"showSkybox":false,"showFlares":false,"showImageEffects":false,"showParticleSystems":false},"in2DMode":false,"pivot":{"x":8.64863380911629e-8,"y":-0.06594238430261612,"z":0.7255001068115234},"rotation":{"x":0.03314681723713875,"y":-0.9483070373535156,"z":0.1056971475481987,"w":0.297400563955307},"size":2.404019594192505,"orthographic":false}