{"cameraMode":{"drawMode":0,"name":"Shaded","section":"Shading Mode"},"sceneLighting":true,"audioPlay":false,"sceneViewState":{"showFog":false,"showMaterialUpdate":false,"showSkybox":false,"showFlares":false,"showImageEffects":false,"showParticleSystems":false},"in2DMode":false,"pivot":{"x":0.9727368354797363,"y":2.748530387878418,"z":0.6465344429016113},"rotation":{"x":0.040185485035181048,"y":-0.8700695633888245,"z":0.07194408029317856,"w":0.4859934151172638},"size":3.4847092628479006,"orthographic":false}