{"cameraMode":{"drawMode":0,"name":"Shaded","section":"Shading Mode"},"sceneLighting":false,"audioPlay":false,"sceneViewState":{"showFog":false,"showMaterialUpdate":false,"showSkybox":false,"showFlares":false,"showImageEffects":false,"showParticleSystems":false},"in2DMode":false,"pivot":{"x":-0.38550710678100588,"y":-0.3022075295448303,"z":-1.9805684089660645},"rotation":{"x":0.008241289295256138,"y":-0.9916552901268005,"z":0.08349595218896866,"w":0.09789258241653443},"size":3.2733051776885988,"orthographic":false}