{"cameraMode":{"drawMode":0,"name":"Shaded","section":"Shading Mode"},"sceneLighting":false,"audioPlay":false,"sceneViewState":{"showFog":false,"showMaterialUpdate":false,"showSkybox":false,"showFlares":false,"showImageEffects":false,"showParticleSystems":false},"in2DMode":false,"pivot":{"x":5.03000020980835,"y":2.2300000190734865,"z":5.139999866485596},"rotation":{"x":0.0016213834751397372,"y":0.9948598146438599,"z":0.01610788144171238,"w":-0.1000177189707756},"size":0.2857890725135803,"orthographic":false}