{"cameraMode":{"drawMode":0,"name":"Shaded","section":"Shading Mode"},"sceneLighting":false,"audioPlay":false,"sceneViewState":{"showFog":false,"showMaterialUpdate":false,"showSkybox":false,"showFlares":false,"showImageEffects":false,"showParticleSystems":false},"in2DMode":false,"pivot":{"x":2.757680654525757,"y":2.252962589263916,"z":3.2320711612701418},"rotation":{"x":-0.023196250200271608,"y":0.9739923477172852,"z":-0.19237302243709565,"w":-0.11744343489408493},"size":6.1209564208984379,"orthographic":false}