{"cameraMode":{"drawMode":0,"name":"Shaded","section":"Shading Mode"},"sceneLighting":false,"audioPlay":false,"sceneViewState":{"showFog":false,"showMaterialUpdate":false,"showSkybox":false,"showFlares":false,"showImageEffects":false,"showParticleSystems":false},"in2DMode":false,"pivot":{"x":2.434197425842285,"y":1.6492780447006226,"z":0.7969942092895508},"rotation":{"x":0.005891879089176655,"y":-0.993851363658905,"z":0.0659995898604393,"w":0.08879348635673523},"size":9.889445304870606,"orthographic":false}