{"cameraMode":{"drawMode":0,"name":"Shaded","section":"Shading Mode"},"sceneLighting":false,"audioPlay":false,"sceneViewState":{"showFog":false,"showMaterialUpdate":false,"showSkybox":false,"showFlares":false,"showImageEffects":false,"showParticleSystems":false},"in2DMode":false,"pivot":{"x":7.331371421059885e-8,"y":-0.09891357272863388,"z":0.6150000691413879},"rotation":{"x":0.03314681723713875,"y":-0.9483070373535156,"z":0.1056971475481987,"w":0.297400563955307},"size":2.055582046508789,"orthographic":false}