{"cameraMode":{"drawMode":0,"name":"Shaded","section":"Shading Mode"},"sceneLighting":false,"audioPlay":false,"sceneViewState":{"showFog":false,"showMaterialUpdate":false,"showSkybox":false,"showFlares":false,"showImageEffects":false,"showParticleSystems":false},"in2DMode":false,"pivot":{"x":2.5491960048675539,"y":1.9004462957382203,"z":2.531290054321289},"rotation":{"x":0.040185485035181048,"y":-0.8700695633888245,"z":0.07194408029317856,"w":0.4859934151172638},"size":14.516186714172364,"orthographic":false}