{"cameraMode":{"drawMode":0,"name":"Shaded","section":"Shading Mode"},"sceneLighting":false,"audioPlay":false,"sceneViewState":{"showFog":true,"showMaterialUpdate":false,"showSkybox":false,"showFlares":true,"showImageEffects":true,"showParticleSystems":true},"in2DMode":false,"pivot":{"x":0.2950747013092041,"y":0.6662590503692627,"z":0.5936696529388428},"rotation":{"x":-0.08270122855901718,"y":0.8898393511772156,"z":-0.17881399393081666,"w":-0.4115496277809143},"size":2.8578836917877199,"orthographic":false}