{"cameraMode":{"drawMode":0,"name":"Shaded","section":"Shading Mode"},"sceneLighting":false,"audioPlay":false,"sceneViewState":{"showFog":false,"showMaterialUpdate":false,"showSkybox":false,"showFlares":false,"showImageEffects":false,"showParticleSystems":false},"in2DMode":false,"pivot":{"x":5.030320644378662,"y":2.2277066707611086,"z":4.931643009185791},"rotation":{"x":-0.21587610244750977,"y":0.38485124707221987,"z":-0.09308610111474991,"w":-0.8925437927246094},"size":0.5857890844345093,"orthographic":false}