{"cameraMode":{"drawMode":0,"name":"Shaded","section":"Shading Mode"},"sceneLighting":false,"audioPlay":false,"sceneViewState":{"showFog":false,"showMaterialUpdate":false,"showSkybox":false,"showFlares":false,"showImageEffects":false,"showParticleSystems":false},"in2DMode":false,"pivot":{"x":2.5008580684661867,"y":2.5,"z":2.526799201965332},"rotation":{"x":0.010488227009773255,"y":-0.9655641317367554,"z":0.039427872747182849,"w":0.2569703757762909},"size":14.490897178649903,"orthographic":false}