{"cameraMode":{"drawMode":0,"name":"Shaded","section":"Shading Mode"},"sceneLighting":false,"audioPlay":false,"sceneViewState":{"showFog":false,"showMaterialUpdate":false,"showSkybox":false,"showFlares":false,"showImageEffects":false,"showParticleSystems":false},"in2DMode":false,"pivot":{"x":9.068695068359375,"y":3.138885974884033,"z":10.496749877929688},"rotation":{"x":-0.15953832864761353,"y":-0.15713021159172059,"z":0.025726577267050744,"w":-0.974272608757019},"size":50.89381790161133,"orthographic":false}