{"cameraMode":{"drawMode":0,"name":"Shaded","section":"Shading Mode"},"sceneLighting":false,"audioPlay":false,"sceneViewState":{"showFog":false,"showMaterialUpdate":false,"showSkybox":false,"showFlares":false,"showImageEffects":false,"showParticleSystems":false},"in2DMode":false,"pivot":{"x":6.185085296630859,"y":2.723987579345703,"z":-0.03249990940093994},"rotation":{"x":0.040185485035181048,"y":-0.8700695633888245,"z":0.07194408029317856,"w":0.4859934151172638},"size":3.4019155502319338,"orthographic":false}