{"cameraMode":{"drawMode":0,"name":"Shaded","section":"Shading Mode"},"sceneLighting":false,"audioPlay":false,"sceneViewState":{"showFog":false,"showMaterialUpdate":false,"showSkybox":false,"showFlares":false,"showImageEffects":false,"showParticleSystems":false},"in2DMode":false,"pivot":{"x":-3.317953586578369,"y":0.5683045387268066,"z":-3.4449219703674318},"rotation":{"x":-0.04256034269928932,"y":0.9116230010986328,"z":-0.09774357825517655,"w":-0.39697709679603579},"size":15.238359451293946,"orthographic":false}