{"cameraMode":{"drawMode":0,"name":"Shaded","section":"Shading Mode"},"sceneLighting":false,"audioPlay":false,"sceneViewState":{"showFog":true,"showMaterialUpdate":false,"showSkybox":false,"showFlares":true,"showImageEffects":true,"showParticleSystems":true},"in2DMode":false,"pivot":{"x":1.5656585693359376,"y":-0.15037870407104493,"z":-5.080739974975586},"rotation":{"x":-0.01113591156899929,"y":0.9888600707054138,"z":-0.10302436351776123,"w":-0.10691216588020325},"size":9.428567886352539,"orthographic":false}