{"cameraMode":{"drawMode":0,"name":"Shaded","section":"Shading Mode"},"sceneLighting":false,"audioPlay":false,"sceneViewState":{"showFog":false,"showMaterialUpdate":false,"showSkybox":false,"showFlares":false,"showImageEffects":false,"showParticleSystems":false},"in2DMode":false,"pivot":{"x":8.289999961853028,"y":2.1010584831237795,"z":3.2048416137695314},"rotation":{"x":0.08917982876300812,"y":-0.9061301350593567,"z":0.23998095095157624,"w":0.3367277681827545},"size":1.6076937913894654,"orthographic":false}