{"cameraMode":{"drawMode":0,"name":"Shaded","section":"Shading Mode"},"sceneLighting":false,"audioPlay":false,"sceneViewState":{"showFog":false,"showMaterialUpdate":false,"showSkybox":false,"showFlares":false,"showImageEffects":false,"showParticleSystems":false},"in2DMode":false,"pivot":{"x":-0.3561286926269531,"y":2.614633083343506,"z":3.645660638809204},"rotation":{"x":-0.1339283287525177,"y":-0.8229908347129822,"z":0.21717147529125215,"w":-0.5075311064720154},"size":4.561455726623535,"orthographic":false}