{"cameraMode":{"drawMode":0,"name":"Shaded","section":"Shading Mode"},"sceneLighting":false,"audioPlay":false,"sceneViewState":{"showFog":true,"showMaterialUpdate":false,"showSkybox":false,"showFlares":true,"showImageEffects":true,"showParticleSystems":true},"in2DMode":false,"pivot":{"x":0.10448750853538513,"y":0.6967372894287109,"z":1.2197399139404297},"rotation":{"x":-0.0001563839614391327,"y":0.991456925868988,"z":-0.13043692708015443,"w":-0.0011888587614521385},"size":2.8578836917877199,"orthographic":false}