{"cameraMode":{"drawMode":0,"name":"Shaded","section":"Shading Mode"},"sceneLighting":false,"audioPlay":false,"sceneViewState":{"showFog":true,"showMaterialUpdate":false,"showSkybox":false,"showFlares":true,"showImageEffects":true,"showParticleSystems":true},"in2DMode":false,"pivot":{"x":2.6289963722229006,"y":6.001040935516357,"z":8.589164733886719},"rotation":{"x":-0.04072213172912598,"y":0.9592297077178955,"z":-0.19275794923305512,"w":-0.20264725387096406},"size":8.68775463104248,"orthographic":false}