{"cameraMode":{"drawMode":0,"name":"Shaded","section":"Shading Mode"},"sceneLighting":false,"audioPlay":false,"sceneViewState":{"showFog":true,"showMaterialUpdate":false,"showSkybox":false,"showFlares":true,"showImageEffects":true,"showParticleSystems":true},"in2DMode":false,"pivot":{"x":-8.092387199401856,"y":3.0125417709350588,"z":6.206272125244141},"rotation":{"x":-0.09211202710866928,"y":0.8921076655387878,"z":-0.2115267962217331,"w":-0.3884795010089874},"size":24.43085289001465,"orthographic":false}