{"cameraMode":{"drawMode":0,"name":"Shaded","section":"Shading Mode"},"sceneLighting":false,"audioPlay":false,"sceneViewState":{"showFog":true,"showMaterialUpdate":false,"showSkybox":false,"showFlares":true,"showImageEffects":true,"showParticleSystems":true},"in2DMode":false,"pivot":{"x":0.2950747013092041,"y":0.6662590503692627,"z":0.5936696529388428},"rotation":{"x":-0.07910104840993881,"y":0.8299115300178528,"z":-0.12187378853559494,"w":-0.5386443734169006},"size":2.8578836917877199,"orthographic":false}