{"cameraMode":{"drawMode":0,"name":"Shaded","section":"Shading Mode"},"sceneLighting":false,"audioPlay":false,"sceneViewState":{"showFog":true,"showMaterialUpdate":false,"showSkybox":false,"showFlares":true,"showImageEffects":true,"showParticleSystems":true},"in2DMode":false,"pivot":{"x":0.49183356761932375,"y":6.621777534484863,"z":7.027308940887451},"rotation":{"x":0.07379499077796936,"y":-0.8550662398338318,"z":0.12687797844409944,"w":0.49731913208961489},"size":13.199660301208496,"orthographic":false}